gene,replicate,moi,tdt_pos
wtDJ,rep1,1E+04,77.1
wtDJ,rep1,5E+03,75.8
wtDJ,rep1,1E+03,87.9
wtDJ,rep1,1E+02,36
L256,rep1,1E+04,6.12
L256,rep1,5E+03,5.93
L256,rep1,1E+03,8.6
L256,rep1,1E+02,1.5
S268,rep1,1E+04,55
S268,rep1,5E+03,63.3
S268,rep1,1E+03,67.8
S268,rep1,1E+02,7.4
K311,rep1,1E+04,6.07
K311,rep1,5E+03,8.44
K311,rep1,1E+03,10.4
K311,rep1,1E+02,0.67
T331,rep1,1E+04,48.9
T331,rep1,5E+03,57.3
T331,rep1,1E+03,60.6
T331,rep1,1E+02,6.04
E349,rep1,1E+04,8.22
E349,rep1,5E+03,9.2
E349,rep1,1E+03,11.3
E349,rep1,1E+02,1.15
T414,rep1,1E+04,7.28
T414,rep1,5E+03,9.23
T414,rep1,1E+03,12.7
T414,rep1,1E+02,0.91
S244,rep1,1E+04,8.44
S244,rep1,5E+03,10.5
S244,rep1,1E+03,15.4
S244,rep1,1E+02,0.77
N664,rep1,1E+04,67.9
N664,rep1,5E+03,75
N664,rep1,1E+03,75
N664,rep1,1E+02,8.85
Y702,rep1,1E+04,74.7
Y702,rep1,5E+03,84.4
Y702,rep1,1E+03,81.4
Y702,rep1,1E+02,9.84
K708,rep1,1E+04,67.1
K708,rep1,5E+03,77.7
K708,rep1,1E+03,80.2
K708,rep1,1E+02,9.12
wtDJ,rep2,1E+04,65
wtDJ,rep2,5E+03,78.9
wtDJ,rep2,1E+03,81.9
wtDJ,rep2,1E+02,35.7
L256,rep2,1E+04,4.86
L256,rep2,5E+03,4.14
L256,rep2,1E+03,7.07
L256,rep2,1E+02,2.1
S268,rep2,1E+04,45.7
S268,rep2,5E+03,51.8
S268,rep2,1E+03,48.3
S268,rep2,1E+02,13.2
K311,rep2,1E+04,4.28
K311,rep2,5E+03,6.35
K311,rep2,1E+03,7.93
K311,rep2,1E+02,1.44
T331,rep2,1E+04,37.3
T331,rep2,5E+03,40.1
T331,rep2,1E+03,44.9
T331,rep2,1E+02,10.1
E349,rep2,1E+04,5.85
E349,rep2,5E+03,5.41
E349,rep2,1E+03,8.64
E349,rep2,1E+02,1.84
T414,rep2,1E+04,5.32
T414,rep2,5E+03,7.37
T414,rep2,1E+03,9.14
T414,rep2,1E+02,1.3
S244,rep2,1E+04,9.66
S244,rep2,5E+03,13.9
S244,rep2,1E+03,13.7
S244,rep2,1E+02,1.86
N664,rep2,1E+04,42.8
N664,rep2,5E+03,46.9
N664,rep2,1E+03,53.2
N664,rep2,1E+02,12.4
Y702,rep2,1E+04,45.5
Y702,rep2,5E+03,50
Y702,rep2,1E+03,64.4
Y702,rep2,1E+02,20.6
K708,rep2,1E+04,39.4
K708,rep2,5E+03,52.9
K708,rep2,1E+03,54.9
K708,rep2,1E+02,13.2
wtDJ,rep3,1E+04,88.5
wtDJ,rep3,5E+03,91.4
wtDJ,rep3,1E+03,78.7
wtDJ,rep3,1E+02,21.7
L256,rep3,1E+04,16.5
L256,rep3,5E+03,17.4
L256,rep3,1E+03,9.4
L256,rep3,1E+02,1.3
S268,rep3,1E+04,75.3
S268,rep3,5E+03,77.9
S268,rep3,1E+03,60.0
S268,rep3,1E+02,12.5
K311,rep3,1E+04,17.6
K311,rep3,5E+03,19.7
K311,rep3,1E+03,13.1
K311,rep3,1E+02,1.9
T331,rep3,1E+04,75.9
T331,rep3,5E+03,79.0
T331,rep3,1E+03,58.3
T331,rep3,1E+02,13.2
E349,rep3,1E+04,18.1
E349,rep3,5E+03,20.4
E349,rep3,1E+03,12.2
E349,rep3,1E+02,1.4
T414,rep3,1E+04,20.7
T414,rep3,5E+03,20.0
T414,rep3,1E+03,9.0
T414,rep3,1E+02,1.0
S244,rep3,1E+04,22.8
S244,rep3,5E+03,27.7
S244,rep3,1E+03,16.1
S244,rep3,1E+02,2.6
N664,rep3,1E+04,79.6
N664,rep3,5E+03,75.8
N664,rep3,1E+03,51.7
N664,rep3,1E+02,10.4
Y702,rep3,1E+04,83.1
Y702,rep3,5E+03,83.8
Y702,rep3,1E+03,63.7
Y702,rep3,1E+02,14.5
K708,rep3,1E+04,78.6
K708,rep3,5E+03,80.4
K708,rep3,1E+03,55.9
K708,rep3,1E+02,9.0
wtDJ,rep4,1E+04,78.3
wtDJ,rep4,5E+03,88.0
wtDJ,rep4,1E+03,84.8
wtDJ,rep4,1E+02,23.6
L256,rep4,1E+04,3.5
L256,rep4,5E+03,4.6
L256,rep4,1E+03,5.1
L256,rep4,1E+02,0.5
S268,rep4,1E+04,34.1
S268,rep4,5E+03,38.9
S268,rep4,1E+03,40.8
S268,rep4,1E+02,6.8
K311,rep4,1E+04,3.2
K311,rep4,5E+03,4.8
K311,rep4,1E+03,4.4
K311,rep4,1E+02,0.4
T331,rep4,1E+04,41.1
T331,rep4,5E+03,48.3
T331,rep4,1E+03,44.7
T331,rep4,1E+02,7.7
E349,rep4,1E+04,4.2
E349,rep4,5E+03,6.2
E349,rep4,1E+03,5.0
E349,rep4,1E+02,0.5
T414,rep4,1E+04,8.9
T414,rep4,5E+03,13.6
T414,rep4,1E+03,11.3
T414,rep4,1E+02,1.2
S244,rep4,1E+04,13.6
S244,rep4,5E+03,18.7
S244,rep4,1E+03,15.5
S244,rep4,1E+02,1.4
N664,rep4,1E+04,52.1
N664,rep4,5E+03,59.7
N664,rep4,1E+03,62.3
N664,rep4,1E+02,11.7
Y702,rep4,1E+04,54.0
Y702,rep4,5E+03,70.0
Y702,rep4,1E+03,62.2
Y702,rep4,1E+02,11.7
K708,rep4,1E+04,58.5
K708,rep4,5E+03,71.9
K708,rep4,1E+03,59.0
K708,rep4,1E+02,10.1